territory,base,target30off,chosenPrice,discountPct,pricePointId
AFG,11.99,8.393,8.39,30.0,eyJzIjoiNjc2MjMxNzc3NyIsInQiOiJBRkciLCJwIjoiMTAxMDYifQ
AGO,22.99,16.093,16.0,30.4,eyJzIjoiNjc2MjMxNzc3NyIsInQiOiJBR08iLCJwIjoiMTAxNTgifQ
AIA,35.99,25.193,25.0,30.5,eyJzIjoiNjc2MjMxNzc3NyIsInQiOiJBSUEiLCJwIjoiMTAyMDMifQ
ALB,29.99,20.993,20.99,30.0,eyJzIjoiNjc2MjMxNzc3NyIsInQiOiJBTEIiLCJwIjoiMTAxODIifQ
ARE,299.99,209.993,209.99,30.0,eyJzIjoiNjc2MjMxNzc3NyIsInQiOiJBUkUiLCJwIjoiMTA0MDUifQ
ARG,35.99,25.193,25.0,30.5,eyJzIjoiNjc2MjMxNzc3NyIsInQiOiJBUkciLCJwIjoiMTAyMDMifQ
ARM,59.99,41.993,41.99,30.0,eyJzIjoiNjc2MjMxNzc3NyIsInQiOiJBUk0iLCJwIjoiMTAyODcifQ
ATG,35.99,25.193,25.0,30.5,eyJzIjoiNjc2MjMxNzc3NyIsInQiOiJBVEciLCJwIjoiMTAyMDMifQ
AUS,149.99,104.993,104.99,30.0,eyJzIjoiNjc2MjMxNzc3NyIsInQiOiJBVVMiLCJwIjoiMTA1MzIifQ
AUT,99.99,69.993,69.99,30.0,eyJzIjoiNjc2MjMxNzc3NyIsInQiOiJBVVQiLCJwIjoiMTAzODcifQ
AZE,59.99,41.993,41.99,30.0,eyJzIjoiNjc2MjMxNzc3NyIsInQiOiJBWkUiLCJwIjoiMTAyODcifQ
BEL,99.99,69.993,69.99,30.0,eyJzIjoiNjc2MjMxNzc3NyIsInQiOiJCRUwiLCJwIjoiMTAzODcifQ
BEN,17.99,12.593,12.49,30.6,eyJzIjoiNjc2MjMxNzc3NyIsInQiOiJCRU4iLCJwIjoiMTAxMzkifQ
BFA,11.99,8.393,8.39,30.0,eyJzIjoiNjc2MjMxNzc3NyIsInQiOiJCRkEiLCJwIjoiMTAxMDYifQ
BGR,59.99,41.993,41.99,30.0,eyJzIjoiNjc2MjMxNzc3NyIsInQiOiJCR1IiLCJwIjoiMTAyODcifQ
BHR,69.99,48.993,48.99,30.0,eyJzIjoiNjc2MjMxNzc3NyIsInQiOiJCSFIiLCJwIjoiMTAzMjIifQ
BHS,49.99,34.993,34.99,30.0,eyJzIjoiNjc2MjMxNzc3NyIsInQiOiJCSFMiLCJwIjoiMTAyNTIifQ
BIH,39.99,27.993,27.99,30.0,eyJzIjoiNjc2MjMxNzc3NyIsInQiOiJCSUgiLCJwIjoiMTAyMTcifQ
BLR,39.99,27.993,27.99,30.0,eyJzIjoiNjc2MjMxNzc3NyIsInQiOiJCTFIiLCJwIjoiMTAyMTcifQ
BLZ,11.99,8.393,8.39,30.0,eyJzIjoiNjc2MjMxNzc3NyIsInQiOiJCTFoiLCJwIjoiMTAxMDYifQ
BMU,35.99,25.193,25.0,30.5,eyJzIjoiNjc2MjMxNzc3NyIsInQiOiJCTVUiLCJwIjoiMTAyMDMifQ
BOL,22.99,16.093,16.0,30.4,eyJzIjoiNjc2MjMxNzc3NyIsInQiOiJCT0wiLCJwIjoiMTAxNTgifQ
BRA,229.9,160.93,160.9,30.0,eyJzIjoiNjc2MjMxNzc3NyIsInQiOiJCUkEiLCJwIjoiMTAzNDIifQ
BRB,59.99,41.993,41.99,30.0,eyJzIjoiNjc2MjMxNzc3NyIsInQiOiJCUkIiLCJwIjoiMTAyODcifQ
BRN,67.99,47.593,47.49,30.2,eyJzIjoiNjc2MjMxNzc3NyIsInQiOiJCUk4iLCJwIjoiMTAzMTQifQ
BTN,14.99,10.493,10.49,30.0,eyJzIjoiNjc2MjMxNzc3NyIsInQiOiJCVE4iLCJwIjoiMTAxMjkifQ
BWA,35.99,25.193,25.0,30.5,eyJzIjoiNjc2MjMxNzc3NyIsInQiOiJCV0EiLCJwIjoiMTAyMDMifQ
CAN,99.99,69.993,69.99,30.0,eyJzIjoiNjc2MjMxNzc3NyIsInQiOiJDQU4iLCJwIjoiMTAzODcifQ
CHE,90.0,63.0,63.0,30.0,eyJzIjoiNjc2MjMxNzc3NyIsInQiOiJDSEUiLCJwIjoiMTAzMDcifQ
CHL,59990.0,41993.0,41990.0,30.0,eyJzIjoiNjc2MjMxNzc3NyIsInQiOiJDSEwiLCJwIjoiMTAzNzUifQ
CHN,328.0,229.6,230.0,29.9,eyJzIjoiNjc2MjMxNzc3NyIsInQiOiJDSE4iLCJwIjoiMTAzMzEifQ
CIV,17.99,12.593,12.49,30.6,eyJzIjoiNjc2MjMxNzc3NyIsInQiOiJDSVYiLCJwIjoiMTAxMzkifQ
CMR,17.99,12.593,12.49,30.6,eyJzIjoiNjc2MjMxNzc3NyIsInQiOiJDTVIiLCJwIjoiMTAxMzkifQ
COD,11.99,8.393,8.39,30.0,eyJzIjoiNjc2MjMxNzc3NyIsInQiOiJDT0QiLCJwIjoiMTAxMDYifQ
COG,35.99,25.193,25.0,30.5,eyJzIjoiNjc2MjMxNzc3NyIsInQiOiJDT0ciLCJwIjoiMTAyMDMifQ
COL,179900.0,125930.0,125900.0,30.0,eyJzIjoiNjc2MjMxNzc3NyIsInQiOiJDT0wiLCJwIjoiMTAyOTIifQ
CPV,22.99,16.093,16.0,30.4,eyJzIjoiNjc2MjMxNzc3NyIsInQiOiJDUFYiLCJwIjoiMTAxNTgifQ
CRI,49.99,34.993,34.99,30.0,eyJzIjoiNjc2MjMxNzc3NyIsInQiOiJDUkkiLCJwIjoiMTAyNTIifQ
CYM,35.99,25.193,25.0,30.5,eyJzIjoiNjc2MjMxNzc3NyIsInQiOiJDWU0iLCJwIjoiMTAyMDMifQ
CYP,79.99,55.993,55.99,30.0,eyJzIjoiNjc2MjMxNzc3NyIsInQiOiJDWVAiLCJwIjoiMTAzNDUifQ
CZE,1990.0,1393.0,1390.0,30.2,eyJzIjoiNjc2MjMxNzc3NyIsInQiOiJDWkUiLCJwIjoiMTAzMzgifQ
DEU,99.99,69.993,69.99,30.0,eyJzIjoiNjc2MjMxNzc3NyIsInQiOiJERVUiLCJwIjoiMTAzODcifQ
DMA,35.99,25.193,25.0,30.5,eyJzIjoiNjc2MjMxNzc3NyIsInQiOiJETUEiLCJwIjoiMTAyMDMifQ
DNK,899.0,629.3,629.0,30.0,eyJzIjoiNjc2MjMxNzc3NyIsInQiOiJETksiLCJwIjoiMTAyNDQifQ
DOM,35.99,25.193,25.0,30.5,eyJzIjoiNjc2MjMxNzc3NyIsInQiOiJET00iLCJwIjoiMTAyMDMifQ
DZA,22.99,16.093,16.0,30.4,eyJzIjoiNjc2MjMxNzc3NyIsInQiOiJEWkEiLCJwIjoiMTAxNTgifQ
ECU,35.99,25.193,25.0,30.5,eyJzIjoiNjc2MjMxNzc3NyIsInQiOiJFQ1UiLCJwIjoiMTAyMDMifQ
EGY,1199.99,839.993,839.99,30.0,eyJzIjoiNjc2MjMxNzc3NyIsInQiOiJFR1kiLCJwIjoiMTAzOTMifQ
ESP,79.99,55.993,55.99,30.0,eyJzIjoiNjc2MjMxNzc3NyIsInQiOiJFU1AiLCJwIjoiMTAzNDUifQ
EST,79.99,55.993,55.99,30.0,eyJzIjoiNjc2MjMxNzc3NyIsInQiOiJFU1QiLCJwIjoiMTAzNDUifQ
FIN,99.99,69.993,69.99,30.0,eyJzIjoiNjc2MjMxNzc3NyIsInQiOiJGSU4iLCJwIjoiMTAzODcifQ
FJI,35.99,25.193,25.0,30.5,eyJzIjoiNjc2MjMxNzc3NyIsInQiOiJGSkkiLCJwIjoiMTAyMDMifQ
FRA,99.99,69.993,69.99,30.0,eyJzIjoiNjc2MjMxNzc3NyIsInQiOiJGUkEiLCJwIjoiMTAzODcifQ
FSM,35.99,25.193,25.0,30.5,eyJzIjoiNjc2MjMxNzc3NyIsInQiOiJGU00iLCJwIjoiMTAyMDMifQ
GAB,14.99,10.493,10.49,30.0,eyJzIjoiNjc2MjMxNzc3NyIsInQiOiJHQUIiLCJwIjoiMTAxMjkifQ
GBR,79.99,55.993,55.99,30.0,eyJzIjoiNjc2MjMxNzc3NyIsInQiOiJHQlIiLCJwIjoiMTAzNDUifQ
GEO,59.99,41.993,41.99,30.0,eyJzIjoiNjc2MjMxNzc3NyIsInQiOiJHRU8iLCJwIjoiMTAyODcifQ
GHA,17.99,12.593,12.49,30.6,eyJzIjoiNjc2MjMxNzc3NyIsInQiOiJHSEEiLCJwIjoiMTAxMzkifQ
GMB,11.99,8.393,8.39,30.0,eyJzIjoiNjc2MjMxNzc3NyIsInQiOiJHTUIiLCJwIjoiMTAxMDYifQ
GNB,11.99,8.393,8.39,30.0,eyJzIjoiNjc2MjMxNzc3NyIsInQiOiJHTkIiLCJwIjoiMTAxMDYifQ
GRC,79.99,55.993,55.99,30.0,eyJzIjoiNjc2MjMxNzc3NyIsInQiOiJHUkMiLCJwIjoiMTAzNDUifQ
GRD,35.99,25.193,25.0,30.5,eyJzIjoiNjc2MjMxNzc3NyIsInQiOiJHUkQiLCJwIjoiMTAyMDMifQ
GTM,35.99,25.193,25.0,30.5,eyJzIjoiNjc2MjMxNzc3NyIsInQiOiJHVE0iLCJwIjoiMTAyMDMifQ
GUY,11.99,8.393,8.39,30.0,eyJzIjoiNjc2MjMxNzc3NyIsInQiOiJHVVkiLCJwIjoiMTAxMDYifQ
HKG,788.0,551.6,550.0,30.2,eyJzIjoiNjc2MjMxNzc3NyIsInQiOiJIS0ciLCJwIjoiMTAyNzQifQ
HND,22.99,16.093,16.0,30.4,eyJzIjoiNjc2MjMxNzc3NyIsInQiOiJITkQiLCJwIjoiMTAxNTgifQ
HRV,59.99,41.993,41.99,30.0,eyJzIjoiNjc2MjMxNzc3NyIsInQiOiJIUlYiLCJwIjoiMTAyODcifQ
HUN,22990.0,16093.0,16090.0,30.0,eyJzIjoiNjc2MjMxNzc3NyIsInQiOiJIVU4iLCJwIjoiMTAzMDMifQ
IDN,399000.0,279300.0,279000.0,30.1,eyJzIjoiNjc2MjMxNzc3NyIsInQiOiJJRE4iLCJwIjoiMTAyNjAifQ
IND,1499.0,1049.3,1049.0,30.0,eyJzIjoiNjc2MjMxNzc3NyIsInQiOiJJTkQiLCJwIjoiMTAyMTkifQ
IRL,99.99,69.993,69.99,30.0,eyJzIjoiNjc2MjMxNzc3NyIsInQiOiJJUkwiLCJwIjoiMTAzODcifQ
IRQ,22.99,16.093,16.0,30.4,eyJzIjoiNjc2MjMxNzc3NyIsInQiOiJJUlEiLCJwIjoiMTAxNTgifQ
ISL,119.99,83.993,83.99,30.0,eyJzIjoiNjc2MjMxNzc3NyIsInQiOiJJU0wiLCJwIjoiMTA0MjkifQ
ISR,299.9,209.93,209.9,30.0,eyJzIjoiNjc2MjMxNzc3NyIsInQiOiJJU1IiLCJwIjoiMTA0MTUifQ
ITA,79.99,55.993,55.99,30.0,eyJzIjoiNjc2MjMxNzc3NyIsInQiOiJJVEEiLCJwIjoiMTAzNDUifQ
JAM,35.99,25.193,25.0,30.5,eyJzIjoiNjc2MjMxNzc3NyIsInQiOiJKQU0iLCJwIjoiMTAyMDMifQ
JOR,35.99,25.193,25.0,30.5,eyJzIjoiNjc2MjMxNzc3NyIsInQiOiJKT1IiLCJwIjoiMTAyMDMifQ
JPN,14000.0,9800.0,9800.0,30.0,eyJzIjoiNjc2MjMxNzc3NyIsInQiOiJKUE4iLCJwIjoiMTA0MzAifQ
KAZ,29990.0,20993.0,20990.0,30.0,eyJzIjoiNjc2MjMxNzc3NyIsInQiOiJLQVoiLCJwIjoiMTA0MjIifQ
KEN,17.99,12.593,12.49,30.6,eyJzIjoiNjc2MjMxNzc3NyIsInQiOiJLRU4iLCJwIjoiMTAxMzkifQ
KGZ,24.99,17.493,17.49,30.0,eyJzIjoiNjc2MjMxNzc3NyIsInQiOiJLR1oiLCJwIjoiMTAxNjQifQ
KHM,14.99,10.493,10.49,30.0,eyJzIjoiNjc2MjMxNzc3NyIsInQiOiJLSE0iLCJwIjoiMTAxMjkifQ
KNA,35.99,25.193,25.0,30.5,eyJzIjoiNjc2MjMxNzc3NyIsInQiOiJLTkEiLCJwIjoiMTAyMDMifQ
KOR,129000.0,90300.0,90500.0,29.8,eyJzIjoiNjc2MjMxNzc3NyIsInQiOiJLT1IiLCJwIjoiMTA0MjAifQ
KWT,67.99,47.593,47.49,30.2,eyJzIjoiNjc2MjMxNzc3NyIsInQiOiJLV1QiLCJwIjoiMTAzMTQifQ
LAO,14.99,10.493,10.49,30.0,eyJzIjoiNjc2MjMxNzc3NyIsInQiOiJMQU8iLCJwIjoiMTAxMjkifQ
LBN,35.99,25.193,25.0,30.5,eyJzIjoiNjc2MjMxNzc3NyIsInQiOiJMQk4iLCJwIjoiMTAyMDMifQ
LBR,11.99,8.393,8.39,30.0,eyJzIjoiNjc2MjMxNzc3NyIsInQiOiJMQlIiLCJwIjoiMTAxMDYifQ
LBY,35.99,25.193,25.0,30.5,eyJzIjoiNjc2MjMxNzc3NyIsInQiOiJMQlkiLCJwIjoiMTAyMDMifQ
LCA,35.99,25.193,25.0,30.5,eyJzIjoiNjc2MjMxNzc3NyIsInQiOiJMQ0EiLCJwIjoiMTAyMDMifQ
LKA,14.99,10.493,10.49,30.0,eyJzIjoiNjc2MjMxNzc3NyIsInQiOiJMS0EiLCJwIjoiMTAxMjkifQ
LTU,79.99,55.993,55.99,30.0,eyJzIjoiNjc2MjMxNzc3NyIsInQiOiJMVFUiLCJwIjoiMTAzNDUifQ
LUX,99.99,69.993,69.99,30.0,eyJzIjoiNjc2MjMxNzc3NyIsInQiOiJMVVgiLCJwIjoiMTAzODcifQ
LVA,79.99,55.993,55.99,30.0,eyJzIjoiNjc2MjMxNzc3NyIsInQiOiJMVkEiLCJwIjoiMTAzNDUifQ
MAC,99.99,69.993,69.99,30.0,eyJzIjoiNjc2MjMxNzc3NyIsInQiOiJNQUMiLCJwIjoiMTAzODcifQ
MAR,22.99,16.093,16.0,30.4,eyJzIjoiNjc2MjMxNzc3NyIsInQiOiJNQVIiLCJwIjoiMTAxNTgifQ
MDA,39.99,27.993,27.99,30.0,eyJzIjoiNjc2MjMxNzc3NyIsInQiOiJNREEiLCJwIjoiMTAyMTcifQ
MDG,11.99,8.393,8.39,30.0,eyJzIjoiNjc2MjMxNzc3NyIsInQiOiJNREciLCJwIjoiMTAxMDYifQ
MDV,49.99,34.993,34.99,30.0,eyJzIjoiNjc2MjMxNzc3NyIsInQiOiJNRFYiLCJwIjoiMTAyNTIifQ
MEX,799.0,559.3,559.0,30.0,eyJzIjoiNjc2MjMxNzc3NyIsInQiOiJNRVgiLCJwIjoiMTAyOTcifQ
MKD,35.99,25.193,25.0,30.5,eyJzIjoiNjc2MjMxNzc3NyIsInQiOiJNS0QiLCJwIjoiMTAyMDMifQ
MLI,11.99,8.393,8.39,30.0,eyJzIjoiNjc2MjMxNzc3NyIsInQiOiJNTEkiLCJwIjoiMTAxMDYifQ
MLT,79.99,55.993,55.99,30.0,eyJzIjoiNjc2MjMxNzc3NyIsInQiOiJNTFQiLCJwIjoiMTAzNDUifQ
MMR,14.99,10.493,10.49,30.0,eyJzIjoiNjc2MjMxNzc3NyIsInQiOiJNTVIiLCJwIjoiMTAxMjkifQ
MNE,34.99,24.493,24.49,30.0,eyJzIjoiNjc2MjMxNzc3NyIsInQiOiJNTkUiLCJwIjoiMTAxOTkifQ
MNG,22.99,16.093,16.0,30.4,eyJzIjoiNjc2MjMxNzc3NyIsInQiOiJNTkciLCJwIjoiMTAxNTgifQ
MOZ,11.99,8.393,8.39,30.0,eyJzIjoiNjc2MjMxNzc3NyIsInQiOiJNT1oiLCJwIjoiMTAxMDYifQ
MRT,11.99,8.393,8.39,30.0,eyJzIjoiNjc2MjMxNzc3NyIsInQiOiJNUlQiLCJwIjoiMTAxMDYifQ
MSR,35.99,25.193,25.0,30.5,eyJzIjoiNjc2MjMxNzc3NyIsInQiOiJNU1IiLCJwIjoiMTAyMDMifQ
MUS,59.99,41.993,41.99,30.0,eyJzIjoiNjc2MjMxNzc3NyIsInQiOiJNVVMiLCJwIjoiMTAyODcifQ
MWI,11.99,8.393,8.39,30.0,eyJzIjoiNjc2MjMxNzc3NyIsInQiOiJNV0kiLCJwIjoiMTAxMDYifQ
MYS,229.9,160.93,160.9,30.0,eyJzIjoiNjc2MjMxNzc3NyIsInQiOiJNWVMiLCJwIjoiMTAzMjUifQ
NAM,35.99,25.193,25.0,30.5,eyJzIjoiNjc2MjMxNzc3NyIsInQiOiJOQU0iLCJwIjoiMTAyMDMifQ
NER,11.99,8.393,8.39,30.0,eyJzIjoiNjc2MjMxNzc3NyIsInQiOiJORVIiLCJwIjoiMTAxMDYifQ
NGA,19900.0,13930.0,13900.0,30.2,eyJzIjoiNjc2MjMxNzc3NyIsInQiOiJOR0EiLCJwIjoiMTAyMzUifQ
NIC,22.99,16.093,16.0,30.4,eyJzIjoiNjc2MjMxNzc3NyIsInQiOiJOSUMiLCJwIjoiMTAxNTgifQ
NLD,99.99,69.993,69.99,30.0,eyJzIjoiNjc2MjMxNzc3NyIsInQiOiJOTEQiLCJwIjoiMTAzODcifQ
NOR,1290.0,903.0,900.0,30.2,eyJzIjoiNjc2MjMxNzc3NyIsInQiOiJOT1IiLCJwIjoiMTAzMDIifQ
NPL,17.99,12.593,12.49,30.6,eyJzIjoiNjc2MjMxNzc3NyIsInQiOiJOUEwiLCJwIjoiMTAxMzkifQ
NRU,35.99,25.193,25.0,30.5,eyJzIjoiNjc2MjMxNzc3NyIsInQiOiJOUlUiLCJwIjoiMTAyMDMifQ
NZL,149.99,104.993,104.99,30.0,eyJzIjoiNjc2MjMxNzc3NyIsInQiOiJOWkwiLCJwIjoiMTA1MzIifQ
OMN,67.99,47.593,47.49,30.2,eyJzIjoiNjc2MjMxNzc3NyIsInQiOiJPTU4iLCJwIjoiMTAzMTQifQ
PAK,3900.0,2730.0,2749.0,29.5,eyJzIjoiNjc2MjMxNzc3NyIsInQiOiJQQUsiLCJwIjoiMTAyMjQifQ
PAN,49.99,34.993,34.99,30.0,eyJzIjoiNjc2MjMxNzc3NyIsInQiOiJQQU4iLCJwIjoiMTAyNTIifQ
PER,149.9,104.93,104.9,30.0,eyJzIjoiNjc2MjMxNzc3NyIsInQiOiJQRVIiLCJwIjoiMTAzMTQifQ
PHL,1490.0,1043.0,1040.0,30.2,eyJzIjoiNjc2MjMxNzc3NyIsInQiOiJQSEwiLCJwIjoiMTAyNTUifQ
PLW,35.99,25.193,25.0,30.5,eyJzIjoiNjc2MjMxNzc3NyIsInQiOiJQTFciLCJwIjoiMTAyMDMifQ
PNG,22.99,16.093,16.0,30.4,eyJzIjoiNjc2MjMxNzc3NyIsInQiOiJQTkciLCJwIjoiMTAxNTgifQ
POL,299.99,209.993,209.99,30.0,eyJzIjoiNjc2MjMxNzc3NyIsInQiOiJQT0wiLCJwIjoiMTAzOTMifQ
PRT,79.99,55.993,55.99,30.0,eyJzIjoiNjc2MjMxNzc3NyIsInQiOiJQUlQiLCJwIjoiMTAzNDUifQ
PRY,35.99,25.193,25.0,30.5,eyJzIjoiNjc2MjMxNzc3NyIsInQiOiJQUlkiLCJwIjoiMTAyMDMifQ
QAT,399.99,279.993,279.99,30.0,eyJzIjoiNjc2MjMxNzc3NyIsInQiOiJRQVQiLCJwIjoiMTA0MjcifQ
ROU,299.99,209.993,209.99,30.0,eyJzIjoiNjc2MjMxNzc3NyIsInQiOiJST1UiLCJwIjoiMTAzOTMifQ
RUS,4490.0,3143.0,3150.0,29.8,eyJzIjoiNjc2MjMxNzc3NyIsInQiOiJSVVMiLCJwIjoiMTAzOTYifQ
RWA,11.99,8.393,8.39,30.0,eyJzIjoiNjc2MjMxNzc3NyIsInQiOiJSV0EiLCJwIjoiMTAxMDYifQ
SAU,299.99,209.993,209.99,30.0,eyJzIjoiNjc2MjMxNzc3NyIsInQiOiJTQVUiLCJwIjoiMTA0MDUifQ
SEN,17.99,12.593,12.49,30.6,eyJzIjoiNjc2MjMxNzc3NyIsInQiOiJTRU4iLCJwIjoiMTAxMzkifQ
SGP,149.98,104.986,104.98,30.0,eyJzIjoiNjc2MjMxNzc3NyIsInQiOiJTR1AiLCJwIjoiMTA1MDEifQ
SLB,35.99,25.193,25.0,30.5,eyJzIjoiNjc2MjMxNzc3NyIsInQiOiJTTEIiLCJwIjoiMTAyMDMifQ
SLE,11.99,8.393,8.39,30.0,eyJzIjoiNjc2MjMxNzc3NyIsInQiOiJTTEUiLCJwIjoiMTAxMDYifQ
SLV,22.99,16.093,16.0,30.4,eyJzIjoiNjc2MjMxNzc3NyIsInQiOiJTTFYiLCJwIjoiMTAxNTgifQ
SRB,39.99,27.993,27.99,30.0,eyJzIjoiNjc2MjMxNzc3NyIsInQiOiJTUkIiLCJwIjoiMTAyMTcifQ
STP,35.99,25.193,25.0,30.5,eyJzIjoiNjc2MjMxNzc3NyIsInQiOiJTVFAiLCJwIjoiMTAyMDMifQ
SUR,12.99,9.093,9.09,30.0,eyJzIjoiNjc2MjMxNzc3NyIsInQiOiJTVVIiLCJwIjoiMTAxMTYifQ
SVK,79.99,55.993,55.99,30.0,eyJzIjoiNjc2MjMxNzc3NyIsInQiOiJTVksiLCJwIjoiMTAzNDUifQ
SVN,79.99,55.993,55.99,30.0,eyJzIjoiNjc2MjMxNzc3NyIsInQiOiJTVk4iLCJwIjoiMTAzNDUifQ
SWE,999.0,699.3,699.0,30.0,eyJzIjoiNjc2MjMxNzc3NyIsInQiOiJTV0UiLCJwIjoiMTAyNTkifQ
SWZ,22.99,16.093,16.0,30.4,eyJzIjoiNjc2MjMxNzc3NyIsInQiOiJTV1oiLCJwIjoiMTAxNTgifQ
SYC,49.99,34.993,34.99,30.0,eyJzIjoiNjc2MjMxNzc3NyIsInQiOiJTWUMiLCJwIjoiMTAyNTIifQ
TCA,35.99,25.193,25.0,30.5,eyJzIjoiNjc2MjMxNzc3NyIsInQiOiJUQ0EiLCJwIjoiMTAyMDMifQ
TCD,11.99,8.393,8.39,30.0,eyJzIjoiNjc2MjMxNzc3NyIsInQiOiJUQ0QiLCJwIjoiMTAxMDYifQ
THA,1290.0,903.0,900.0,30.2,eyJzIjoiNjc2MjMxNzc3NyIsInQiOiJUSEEiLCJwIjoiMTAyMzEifQ
TJK,12.99,9.093,9.09,30.0,eyJzIjoiNjc2MjMxNzc3NyIsInQiOiJUSksiLCJwIjoiMTAxMTYifQ
TKM,11.99,8.393,8.39,30.0,eyJzIjoiNjc2MjMxNzc3NyIsInQiOiJUS00iLCJwIjoiMTAxMDYifQ
TON,35.99,25.193,25.0,30.5,eyJzIjoiNjc2MjMxNzc3NyIsInQiOiJUT04iLCJwIjoiMTAyMDMifQ
TTO,49.99,34.993,34.99,30.0,eyJzIjoiNjc2MjMxNzc3NyIsInQiOiJUVE8iLCJwIjoiMTAyNTIifQ
TUN,22.99,16.093,16.0,30.4,eyJzIjoiNjc2MjMxNzc3NyIsInQiOiJUVU4iLCJwIjoiMTAxNTgifQ
TUR,1999.99,1399.993,1399.99,30.0,eyJzIjoiNjc2MjMxNzc3NyIsInQiOiJUVVIiLCJwIjoiMTA0NzkifQ
TWN,2990.0,2093.0,2090.0,30.1,eyJzIjoiNjc2MjMxNzc3NyIsInQiOiJUV04iLCJwIjoiMTAzMjYifQ
TZA,34900.0,24430.0,24500.0,29.8,eyJzIjoiNjc2MjMxNzc3NyIsInQiOiJUWkEiLCJwIjoiMTAxNzQifQ
UGA,14.99,10.493,10.49,30.0,eyJzIjoiNjc2MjMxNzc3NyIsInQiOiJVR0EiLCJwIjoiMTAxMjkifQ
UKR,29.99,20.993,20.99,30.0,eyJzIjoiNjc2MjMxNzc3NyIsInQiOiJVS1IiLCJwIjoiMTAxODIifQ
URY,49.99,34.993,34.99,30.0,eyJzIjoiNjc2MjMxNzc3NyIsInQiOiJVUlkiLCJwIjoiMTAyNTIifQ
USA,99.99,69.993,69.99,30.0,eyJzIjoiNjc2MjMxNzc3NyIsInQiOiJVU0EiLCJwIjoiMTAzODcifQ
UZB,24.99,17.493,17.49,30.0,eyJzIjoiNjc2MjMxNzc3NyIsInQiOiJVWkIiLCJwIjoiMTAxNjQifQ
VCT,35.99,25.193,25.0,30.5,eyJzIjoiNjc2MjMxNzc3NyIsInQiOiJWQ1QiLCJwIjoiMTAyMDMifQ
VEN,22.99,16.093,16.0,30.4,eyJzIjoiNjc2MjMxNzc3NyIsInQiOiJWRU4iLCJwIjoiMTAxNTgifQ
VGB,35.99,25.193,25.0,30.5,eyJzIjoiNjc2MjMxNzc3NyIsInQiOiJWR0IiLCJwIjoiMTAyMDMifQ
VNM,699000.0,489300.0,489000.0,30.0,eyJzIjoiNjc2MjMxNzc3NyIsInQiOiJWTk0iLCJwIjoiMTAyNTAifQ
VUT,35.99,25.193,25.0,30.5,eyJzIjoiNjc2MjMxNzc3NyIsInQiOiJWVVQiLCJwIjoiMTAyMDMifQ
XKS,99.99,69.993,69.99,30.0,eyJzIjoiNjc2MjMxNzc3NyIsInQiOiJYS1MiLCJwIjoiMTAzODcifQ
YEM,11.99,8.393,8.39,30.0,eyJzIjoiNjc2MjMxNzc3NyIsInQiOiJZRU0iLCJwIjoiMTAxMDYifQ
ZAF,699.99,489.993,489.99,30.0,eyJzIjoiNjc2MjMxNzc3NyIsInQiOiJaQUYiLCJwIjoiMTAyNTAifQ
ZMB,17.99,12.593,12.49,30.6,eyJzIjoiNjc2MjMxNzc3NyIsInQiOiJaTUIiLCJwIjoiMTAxMzkifQ
ZWE,29.99,20.993,20.99,30.0,eyJzIjoiNjc2MjMxNzc3NyIsInQiOiJaV0UiLCJwIjoiMTAxODIifQ
